[
  {
    "id": "summary",
    "name": "📝 要約",
    "text": "以下のYouTube動画の内容について、詳細に要約してください。\n最後に三行でまとめてください。\n必ず日本語で出力してください。"
  },
  {
    "id": "markdown",
    "name": "📄 マークダウン",
    "text": "以下のYouTube動画の内容を、マークダウン形式で構造化して詳細に要約してください。\n最後に三行でまとめてください。\n見やすく整理された形式で、必ず日本語で出力してください。"
  },
  {
    "id": "html",
    "name": "🖼️ HTML図解",
    "text": "以下のYouTube動画の内容を、視覚的に分かりやすいHTMLインフォグラフィックとして出力してください。\n内容は必ず日本語で出力してください。"
  }
]