[
  {
    "id": "basic",
    "name": "基本要約",
    "text": "以下のYouTube動画の内容を要約してください。重要なポイントを3-5個リストアップし、200字程度の要約を作成してください。"
  },
  {
    "id": "detail",
    "name": "詳細分析",
    "text": "以下の内容について分析してください：\n1. 主要なポイント（3-5点）\n2. 重要な例や引用\n3. 自分の意見や考察\n"
  },
  {
    "id": "translate",
    "name": "翻訳＆要約",
    "text": "以下の内容を英語から日本語に翻訳し、その後要約してください："
  }
]